0,nuclear war
1,Mozart
2,too many characters
3,Stanley Kubrick
4,out of order
5,zoe kazan
6,Existential
7,con artists
8,Hollywood
9,assassin-in-training (scene)
10,shakespeare
11,Scotland
12,convent
13,soccer
14,Pixar
15,Mark Wahlberg
16,nonlinear timeline
17,books
18,dark fairy tale
19,invisibility
20,Exquisite plotting.
21,beautiful cinematography
22,George Clooney
23,clever
24,war
25,hip hop
26,Ben Kingsley
27,embarassing scenes
28,romantic comedy
29,heavy metal
30,live action/animation
31,police corruption
32,road trip
33,earnest
34,satire
35,classic sci-fi
36,Girl Power
37,winona ryder
38,gangs
39,Borg
40,franchise
41,revolution
42,wistful
43,remade
44,Edith Wharton
45,salute to Douglas Sirk
46,bad plot
47,Gulf War
48,Charlize Theron
49,transplants
50,milkshake
51,animation
52,confusing ending
53,Oscar (Best Effects - Visual Effects)
54,von Bulow
55,history
56,Favelas
57,technology
58,Tradition!
59,stranded
60,memory
61,insanity
62,dating
63,assassin
64,mediacentralism
65,Steve Buscemi
66,Dr. Strange
67,interesting scenario
68,ROBOTS AND ANDROIDS
69,Eric Bana
70,mockumentary
71,gunfight
72,Oscar (Best Supporting Actress)
73,revolutionary
74,mindless one liners
75,post-college
76,dialogue
77,poetic
78,Disturbing
79,mirrors
80,Louisa May Alcott
81,psychiatrist
82,violence
83,Angelina Jolie
84,batman
85,moody
86,Great villain
87,Tilda Swinton
88,cult film
89,Visually Striking
90,In Your Eyes
91,GIVE ME BACK MY SON!
92,Beatles
93,genocide
94,Great Visuals
95,money
96,social commentary
97,Dorothy
98,Emma Stone
99,race
100,FBI
101,Matt Damon
102,disturbing
103,Housekeeper
104,King Arthur
105,Beautiful
106,Andrew Lloyd Weber
107,Navy
108,writing
109,TERRORISM
110,meditative
111,offensive
112,gothic
113,male nudity
114,Matrix
115,mind-blowing
116,Heartwarming
117,spelling bee
118,Bugs Bunny
119,love story
120,fighting
121,Michael Bay
122,wine
123,lesbian
124,ships
125,great dialogue
126,stapler
127,dead wife
128,post-apocalyptic
129,leonardo DiCarpio
130,Mila Kunis
131,Mafia
132,Christmas
133,06 Oscar Nominated Best Movie - Animation
134,disappointing
135,annoying
136,Michael Crichton
137,unique
138,painter
139,Viggo Mortensen
140,butler
141,Simon Pegg
142,city politics
143,fish
144,star wars
145,lies
146,black comedy
147,enigmatic
148,will ferrell
149,fantasy
150,S.E. Hinton
151,based on a book
152,not linear
153,Jared Leto
154,survival
155,innovative
156,Bad writing
157,character study
158,chilly
159,cartoon
160,John Grisham
161,saints
162,surreal
163,insightful
164,David Thewlis
165,James Stewart
166,holocaust
167,spiders
168,gun tactics
169,claims to be true
170,entirely dialogue
171,paranoia
172,allegorical
173,Seann William Scott
174,gruesome
175,drugs
176,Nabokov
177,wry
178,for katie
179,stylized
180,cult classic
181,start of a beautiful friendship
182,diner
183,Bechdel Test:Fail
184,Huey Long
185,music business
186,illusions
187,Jack Nicholson
188,bad dialogue
189,cheesy
190,Pearl S Buck
191,easygoing
192,diabetes
193,basketball
194,Dumas
195,needed more autobots
196,fun
197,Rita Hayworth can dance!
198,bank
199,celebrity fetishism
200,carnival
201,Everything you want is here
202,stone age
203,surrealism
204,interwoven storylines
205,colourful
206,Sci-Fi
207,circus
208,Native Americans
209,Quakers
210,Johnny Depp
211,Veterinarian
212,deafness
213,Epic
214,mythology
215,notable soundtrack
216,claustrophobic
217,eerie
218,Kevin Spacey
219,black and white
220,Stones of Summer
221,based on a play
222,futuristic
223,1980s
224,POW
225,bromance
226,assassination
227,thought provoking
228,pageant
229,sports
230,Marx brothers
231,truckers
232,witty
233,superficial plot
234,Ray Bradbury
235,Palme d'Or
236,dogs
237,wonderwoman
238,fast-paced
239,artistic
240,unconventional
241,r:strong bloody violence
242,bombs
243,Jake Gyllenhaal
244,virginity
245,Adam Sandler
246,secrets
247,nanny
248,Justin Timberlake
249,downbeat
250,cinematography
251,end of the world
252,poor dialogue
253,Backwards. memory
254,ridiculous
255,No DVD at Netflix
256,predictable
257,oil
258,mind-bending
259,Bette Davis
260,art
261,fairy tales
262,gangster
263,Anne Boleyn
264,goofy
265,pregnancy
266,1970s
267,Clock
268,britpop
269,Alfred Hitchcock
270,Beethoven
271,epic
272,time-travel
273,military
274,intellectual
275,Jane Austen
276,Australia
277,hallucinatory
278,ben affleck
279,Notable Nudity
280,adultery
281,big boys with guns
282,indiana jones
283,vertriloquism
284,Suspenseful
285,anti-intellectual
286,high fantasy
287,pool
288,childish naivity
289,Gangs
290,Venice
291,Atomic bomb
292,Coen Bros
293,smart writing
294,historical
295,ummarti2006
296,creepy
297,I see dead people
298,Insanity
299,new york
300,secret society
301,Not Seen
302,Jason
303,prison
304,BEST PICTURE
305,missionary
306,transvestite
307,plot twist
308,bears
309,gentle
310,captain nemo
311,surfing
312,last man on earth
313,postmodern
314,harsh
315,oldie but goodie
316,financial crisis
317,movies
318,Cerebral
319,Andy Kaufman
320,Hannibal Lecter
321,stand-up comedy
322,special effects
323,uplifting
324,Ryan Reynolds
325,Paul Rudd
326,Julianne Moore
327,DC
328,apes
329,Ralph Fiennes
330,dancing
331,independent film
332,big name actors
333,stiller
334,Mindfuck
335,Made me cry
336,southern US
337,adolescence
338,Astaire and Rogers
339,Tolkein
340,hippies
341,uncomfortable
342,Simon and Garfunkel
343,Nudity (Full Frontal)
344,space epic
345,Leonardo DiCaprio
346,Saturday Night Live
347,blindness
348,Harper Lee
349,lawyers
350,slick
351,crude humor
352,TV
353,depressing
354,Anthony Hopkins
355,Middle East
356,scifi
357,C.S. Lewis
358,Star Trek
359,generation X
360,sexuality
361,skiing
362,western
363,Robert Downey Jr.
364,Howard Hughes
365,dc comics
366,iconic
367,George Lucas
368,good and evil
369,silly
370,widows/widowers
371,SPACE TRAVEL
372,HORRIBLE ACTING
373,Paul Giamatti
374,bad science
375,May-December romance
376,nostalgia
377,satirical
378,Tarantino
379,comics
380,Anne Hathaway
381,Wesley Snipes
382,inhumane
383,camp
384,Western
385,character development
386,foul language
387,Chuck Palahniuk
388,cia
389,rabbi
390,pulp
391,Poor story
392,Poor plot development
393,Van Gogh
394,child abuse
395,reflective
396,blind
397,Truman Capote
398,Documentary
399,Chris Evans
400,Nicolas Cage
401,Amish
402,Stupid ending
403,American propaganda
404,Kevin Smith
405,passion
406,violence in america
407,Shark
408,knights
409,World War I
410,steve carell
411,Mexico
412,football
413,Brooch
414,Hawkeye
415,quirky romantic
416,stop using useless characters for filler
417,Stock Market
418,adventure
419,aviation
420,assassins
421,Unique
422,Chile
423,Prince
424,Edward Norton
425,building a family
426,multiple short stories
427,true story
428,E.M. Forster
429,Colin Farrell
430,no dialogue
431,Harley Quinn's ass
432,Marvel
433,off-beat comedy
434,cool style
435,unpredictable
436,Agatha Christie
437,storytelling
438,sarcasm
439,Tolkien
440,challenging
441,women
442,golden watch
443,real estate
444,dumb
445,smart
446,immigration
447,tense
448,amazing
449,Revenge
450,intelligent
451,Orlando Bloom
452,predictible plot
453,psychopaths
454,James Cameron
455,Alcatraz
456,hilarious
457,lyrical
458,Trey Parker
459,Cold
460,big wave
461,Shakespeare
462,Europe
463,disability
464,Highly quotable
465,alter ego
466,cool
467,Harrison Ford
468,gun-fu
469,dark comedy
470,Andy Garcia
471,emotional
472,KIDNAPPING
473,corruption
474,entertaining
475,rape
476,Scott Turow
477,new society
478,violent
479,irreverent
480,overrated
481,cult
482,interracial marriage
483,cryptic
484,Christian Bale
485,remake
486,2001-like
487,Train
488,computer
489,Marion Cotillard
490,cattle drive
491,menacing
492,joss whedon
493,Ben Stiller
494,fun family movie
495,good music
496,too much love interest
497,casual violence
498,inspiring
499,dreamlike
500,jim carrey
501,updated classics
502,Guns
503,Dinosaur
504,Dodie Smith
505,unusual
506,Surreal
507,China
508,Africa
509,biking
510,bad ass
511,ark of the covenant
512,sofia coppola
513,nightmare
514,stupid but funny
515,Jesse Ventura
516,Harley Quinn
517,racism
518,short stories
519,Michael Cera
520,Gambling
521,Judaism
522,indie record label
523,Adrien Brody
524,Priest
525,teenage pregnancy
526,zither
527,treasure hunt
528,Civil War
529,darth vader
530,priest
531,George Bernard Shaw
532,Classic
533,Funny
534,Philip Seymour Hoffman
535,1960s
536,Atmospheric
537,audience intelligence underestimated
538,Istanbul
539,bubba gump shrimp
540,Queen Victoria
541,sex
542,characters
543,jungle
544,Robert Penn Warren
545,ancient Rome
546,hope
547,Tennessee Williams
548,anti-war
549,twins
550,dance
551,British gangster
552,nocturnal
553,bad language
554,not seen
555,shenanigans
556,alone in the world
557,deaf
558,sexy female scientist
559,samurai
560,societal criticism
561,scandal
562,Joker
563,incest
564,long shots
565,coma
566,alan rickman
567,economics
568,teachers
569,Japan
570,Hannibal Lector
571,Cold War
572,orphans
573,Ghost
574,island
575,Creature Feature
576,ocean
577,Studio Ghibli
578,courtroom drama
579,werewolf
580,slow paced
581,Dialogue
582,Twist Ending
583,kung fu
584,good soundtrack
585,Renee Zellweger
586,rug
587,dinosaurs
588,halloween
589,slavery
590,fast paced
591,moving
592,politics
593,alternate universe
594,saint
595,Salieri
596,inspirational
597,aging
598,Ichabod Crane
599,adorable
600,irony
601,superhero team
602,powerful ending
603,Morgan Freeman
604,elegant
605,adoption
606,fucked up
607,mathematics
608,lovely
609,ransom
610,video game adaptation
611,MCU
612,donkey
613,Vietnam
614,aquarium
615,anger
616,Othello
617,narrated
618,hitman
619,Margot Robbie
620,really bad
621,Andy Samberg
622,singers
623,too long
624,black humour
625,cheating
626,travolta
627,McCarthy hearings
628,twist
629,They Might Be Giants
630,arthouse
631,spacecraft
632,death
633,Disaster
634,visually stunning
635,2D animation
636,South Africa
637,Union
638,music
639,Afghanistan
640,Maggie Gyllenhaal
641,horses
642,non-linear timeline
643,ogres
644,unintelligent
645,Lonesome Polecat
646,Boxing story
647,free to download
648,psychedelic
649,investor corruption
650,Jekyll and Hyde
651,south park
652,terminal illness
653,Neil Patrick Harris
654,nightclub
655,high school
656,pizza beer
657,consumerism
658,organized crime
659,guns
660,school
661,unoriginal
662,Horrid characterisation
663,Italy
664,Henry James
665,masterpiece
666,Conan
667,Christopher Lloyd
668,James Fennimore Cooper
669,FIGHTING THE SYSTEM
670,ferris wheel
671,magic board game
672,the catholic church is the most corrupt organization in history
673,pixar
674,harry potter
675,heartwarming
676,bus
677,nonsense
678,Shia LaBeouf
679,reunion
680,Insurance
681,pigs
682,addiction
683,Bruce Willis
684,trains
685,good cinematography
686,faerie tale
687,bromantic
688,demons
689,Slim Pickens
690,photography
691,Shangri-La
692,whales
693,class
694,virtual reality
695,flood
696,mental illness
697,bad music
698,individualism
699,lack of development
700,multiple personalities
701,preacher
702,drugs & music
703,black humor
704,Palahnuik
705,humor
706,Sad
707,intense
708,colorful
709,jazz
710,Insane
711,bad humor
712,Jason Segel
713,Olympics
714,lions
715,Food
716,beat poetry
717,multiple stories
718,depression
719,Hilary Swank
720,Doc Ock
721,Cole Porter
722,heartbreaking
723,Siam
724,ben stiller
725,china
726,Rogue
727,action
728,stupid is as stupid does
729,police
730,cross dressing
731,imaginary friend
732,hit men
733,r:sustained strong stylized violence
734,Sean Connery
735,Disney animated feature
736,tension
737,Gal Gadot
738,Luc Besson
739,truth
740,American Indians
741,royal with cheese
742,brothers
743,free speech
744,insomnia
745,lion
746,film noir
747,Oscar Wilde
748,black-and-white
749,Woody Harrelson
750,Brittany Murphy
751,Liam Neeson
752,black hole
753,Macaulay Culkin
754,ballet
755,masculinity
756,Norman Bates
757,Missionary
758,Martin Scorsese
759,space opera
760,John Travolta
761,classic
762,Lolita theme
763,birds
764,pudding
765,death penalty
766,noir
767,television
768,stephen king
769,70mm
770,England
771,Motivational
772,babies
773,mermaid
774,lack of story
775,brutal
776,tom hardy
777,Disney
778,philosophical
779,Hepburn and Tracy
780,stop looking at me swan
781,parody
782,plastic surgery
783,emma thompson
784,Dull
785,Dr. Seuss
786,bizarre
787,Emilia Clarke
788,CGI
789,weird
790,jack nicholson
791,movies about movies
792,horror
793,Jim Morrison
794,hugh jackman
795,anime
796,dreamy
797,romance
798,suburbia
799,dreams
800,happy ending
801,Action
802,brilliant
803,AWESOME
804,android(s)/cyborg(s)
805,boring
806,religion
807,cliche characters
808,very funny
809,great acting
810,martial arts
811,nonlinear
812,time travel
813,homosexuality
814,different
815,documentary
816,new composer
817,doll
818,Well Done
819,Suspense
820,good dialogue
821,wrongful imprisonment
822,slow
823,Not available from Netflix
824,Butler
825,biography
826,ballroom dance
827,Medieval
828,Zooey Deschanel
829,Animation
830,Philip K. Dick
831,father-son relationship
832,edward norton
833,fast-paced dialogue
834,mystery
835,nonlinear storyline
836,elegiac
837,visual
838,Hal
839,not funny
840,great performances
841,Up series
842,space
843,atmospheric
844,quirky
845,blood
846,weak plot
847,Teen movie
848,sisters
849,80's
850,science fiction
851,train
852,art house
853,reciprocal spectator
854,unlikely hero
855,visually appealing
856,Casey Affleck
857,David Bowie
858,DEPRESSING
859,kidnapping
860,Simple
861,Michigan
862,Nick Hornby
863,Ewan McGregor
864,homeless
865,hula hoop
866,Jennifer Lawrence
867,HOT actress
868,disjointed timeline
869,paranoid
870,Myth
871,Harvey Keitel
872,Quentin Tarantino
873,cyberpunk
874,Narrative pisstake
875,loneliness
876,planes
877,Captain America
878,fatalistic
879,long takes
880,computers
881,poignant
882,episodic
883,somber
884,younger men
885,prequel
886,parenthood
887,made me cry
888,helena bonham carter
889,fugitive
890,David Fincher
891,teen
892,Seth Rogen
893,1900s
894,Indonesia
895,Quotable
896,Titanic
897,Charles Dickens
898,Hemingway
899,interracial romance
900,imaginative
901,Big Brothers
902,Lloyd Dobbler
903,sniper
904,splatter
905,american idolatry
906,India
907,Canada
908,awkward romance
909,a dingo ate my baby
910,artsy
911,PTSD
912,scifi cult
913,post apocalyptic
914,Arnold Schwarzenegger
915,Russell Crowe
916,EPIC
917,bad-ass
918,good
919,alternate endings
920,psychology
921,Quirky
922,bad
923,seen at the cinema
924,murder
925,Shakespeare sort of
926,Chris Klein
927,Post apocalyptic
928,Screwball
929,tearjerking
930,justice
931,imdb top 250
932,animal movie
933,Juliette Lewis
934,Pee Wee Herman
935,autism
936,a clever chef rat
937,abstract
938,gambling
939,hostage
940,crazy
941,Crude humor
942,symbolism
943,brutality
944,white guilt
945,artificial intelligence
946,Turkey
947,twist ending
948,philosopical
949,bleak
950,ghosts
951,Oscar (Best Cinematography)
952,Steve Carell
953,Deep Throat
954,Animal movie
955,children
956,Tim Burton
957,vampire
958,dance marathon
959,heroine in tight suit
960,Henry Darger
961,John Goodman
962,It was melodramatic and kind of dumb
963,strange
964,brainwashing
965,engrossing adventure
966,Seth MacFarlane
967,freedom of expression
968,r:disturbing violent images
969,Comedy
970,bloody
971,John Cusack
972,freedom
973,existentialism
974,Nuclear disaster
975,Peace Corp
976,accident
977,South America
978,Magic
979,political commentary
980,Tokyo
981,multiple storylines
982,gore
983,Soundtrack
984,Empire State Building
985,lesbian subtext
986,missing children
987,thriller
988,great screenplay
989,amazing artwork
990,Hearst
991,lawyer
992,Mystery
993,nuns
994,New York City
995,Arthur C. Clarke
996,jon hamm
997,British
998,river
999,Denzel Washington
1000,mad scientist
1001,movie business
1002,graphic design
1003,Christopher Nolan
1004,family
1005,bad writing
1006,biopic
1007,funny
1008,achronological
1009,great cinematography
1010,sentimental
1011,suspense
1012,crime scene scrubbing
1013,Mount Rushmore
1014,slasher
1015,double life
1016,understated
1017,Watergate
1018,oninous
1019,comedy
1020,High School
1021,touching
1022,gun fu
1023,restaurant
1024,far fetched
1025,sophisticated
1026,schizophrenia
1027,Arthur Miller
1028,Heroic Bloodshed
1029,whimsical
1030,Star Wars
1031,bizzare
1032,Cambodia
1033,Music
1034,Mrs. DeWinter
1035,Jean Grey
1036,Nerd
1037,Dan Aykroyd
1038,british comedy
1039,1950s
1040,christmas
1041,lawn mower
1042,Modern war
1043,based on a true story
1044,bad jokes
1045,Wall Street
1046,Christoph Waltz
1047,archaeology
1048,Journalism
1049,tobacco
1050,grim
1051,trippy
1052,mindfuck
1053,weather forecaster
1054,governess
1055,Eccentric
1056,Rome
1057,sad
1058,villain nonexistent or not needed for good story
1059,"""artsy"""
1060,Jude Law
1061,tricky
1062,anthology
1063,Thor
1064,spies
1065,cancer
1066,cate blanchett
1067,Horrible directing
1068,parrots
1069,deadpan
1070,rich guy - poor girl
1071,golfing
1072,shipwreck
1073,Jessica Alba
1074,highschool
1075,cameo:Whoopi Goldberg
1076,Wizards
1077,quick cuts
1078,superhero
1079,realistic
1080,Robin Williams
1081,California
1082,Mel Gibson
1083,androids
1084,claymation
1085,drama
1086,Dwayne Johnson
1087,Alicia Vikander
1088,philosophical issues
1089,Horror
1090,prostitution
1091,ending
1092,AS Byatt
1093,overcomplicated
1094,aliens
1095,Hungary
1096,shrimp
1097,aggressive
1098,sword fight
1099,domestic violence
1100,daniel radcliffe
1101,Oscar (Best Music - Original Score)
1102,amazing dialogues
1103,intimate
1104,non-linear
1105,sisterhood
1106,Jaime Pressly
1107,bad script
1108,food
1109,coke
1110,r:some violence
1111,subway
1112,Firefly
1113,cerebral
1114,alternate reality
1115,Stand Up
1116,scenic
1117,AIDs
1118,Paris
1119,introspection
1120,Klingons
1121,Academy award (Best Supporting Actress)
1122,Ireland
1123,beautiful scenery
1124,original
1125,immortality
1126,bruce willis
1127,Uma Thurman
1128,superb soundtrack
1129,marijuana
1130,lack of plot
1131,Grace
1132,Robert Ludlum
1133,Tom Hardy
1134,divorce
1135,infertility
1136,screwball
1137,jake gyllenhaal
1138,monologue
1139,Visually stunning
1140,conversation
1141,original plot
1142,enjoyable
1143,Peter Pan
1144,stupid
1145,Holy Grail
1146,Cult classic
1147,immigrants
1148,Broadway
1149,mobsters
1150,independent
1151,Stephen King
1152,Depressing
1153,great soundtrack
1154,voyeurism
1155,absorbing
1156,families
1157,Las Vegas
1158,Josh Brolin
1159,lieutenant dan
1160,Wolverine
1161,r:graphic sexuality
1162,televangelist
1163,mel gibson
1164,Charlotte Bronte
1165,heroic bloodshed
1166,apocalypse
1167,obsession
1168,video games
1169,dark
1170,longing
1171,drug overdose
1172,Nazis
1173,feel-good
1174,France
1175,Nick and Nora Charles
1176,teacher
1177,blood splatters
1178,Metaphorical
1179,solitude
1180,space craft
1181,Peta Wilson
1182,austere
1183,amnesia
1184,Al Pacino
1185,acting
1186,NASA
1187,Rachel Weisz
1188,MacBeth
1189,geeky
1190,interesting
1191,Bible
1192,surprise ending
1193,evolution
1194,Rolling Stone
1195,way too long
1196,computer animation
1197,shark
1198,President
1199,system holism
1200,Jennifer Connelly
1201,Graham Greene
1202,singletons
1203,Enterprise
1204,slow action
1205,Day and Hudson
1206,sweet
1207,chick flick
1208,Nudity (Topless)
1209,biblical references
1210,moon
1211,Sexual Humor
1212,ex-con
1213,Sundance award winner
1214,friendship
1215,soundtrack
1216,fantasy world
1217,Death
1218,suicide
1219,avant-garde romantic comedy
1220,revenge
1221,cruel characters
1222,journalism
1223,test tag
1224,action choreography
1225,twists & turns
1226,Scifi masterpiece
1227,spoof
1228,humour
1229,melancholic
1230,ironic
1231,complicated
1232,opera
1233,psychological thriller
1234,threesome
1235,sequel
1236,dark hero
1237,evil children
1238,controversial
1239,MMA
1240,Kevin Costner
1241,good writing
1242,Dystopia
1243,L.A.
1244,teenagers
1245,Samuel L. Jackson
1246,crime
1247,short films
1248,I am your father
1249,show business
1250,jay and silent bob
1251,In Netflix queue
1252,anti-Semitism
1253,neo-noir
1254,Bad story
1255,costume drama
1256,meryl streep
1257,memory loss
1258,Oscar (Best Actress)
1259,purity of essence
1260,great humor
1261,rebellion
1262,organised crime
1263,General Motors
1264,Audrey Tautou
1265,swashbuckler
1266,based on a TV show
1267,figure skating
1268,ethics
1269,Holocaust
1270,bittersweet
1271,nerds
1272,exciting
1273,awkward
1274,big top
1275,spying
1276,dust bowl
1277,Nun
1278,suspenseful
1279,large cast
1280,dystopia
1281,cheeky
1282,contemplative
1283,1920s
1284,Homeless
1285,drug abuse
1286,The Entertainer
1287,awesome
1288,Roger Avary
1289,human rights
1290,los angeles
1291,mental hospital
1292,Savannah
1293,Capote
1294,roald dahl
1295,Jeff Bridges
1296,Dogs
1297,Black comedy
1298,Sinbad
1299,game
1300,confusing
1301,Witty
1302,undercover cop
1303,Guardians of the Galaxy
1304,Amazing Cinematography
1305,six-fingered man
1306,French
1307,weddings
1308,fairy tale
1309,old
1310,motherhood
1311,Will Smith
1312,luke skywalker
1313,heroin
1314,Halloween
1315,setting:space/space ship
1316,Eugene O'Neill
1317,killer
1318,space adventure
1319,Family
1320,melancholy
1321,Humour
1322,interesting characters
1323,SNL
1324,personals ads
1325,muppets
1326,business
1327,Tom Clancy
1328,mice
1329,Boston
1330,political right versus left
1331,lord of the rings
1332,Thanksgiving
1333,kids
1334,narnia
1335,rap
1336,Christina Ricci
1337,Adventure
1338,freaks
1339,Psychological Thriller
1340,multiple roles
1341,scary
1342,Hugh Jackman
1343,best comedy
1344,Great performances
1345,marvel
1346,statue
1347,haunting
1348,leopard
1349,Ninotchka remake
1350,Vulgar
1351,Great movie
1352,con men
1353,prodigies
1354,Keanu Reeves
1355,mecha
1356,wedding
1357,seen more than once
1358,Visually appealing
1359,Magneto
1360,procedural
1361,Dark
1362,Sci-fi
1363,action packed
1364,college
1365,radio
1366,intertwining storylines
1367,great ending
1368,psychological
1369,tedious
1370,Stoner Movie
1371,directorial debut
1372,Brad Pitt
1373,wapendrama
1374,Jesse Eisenberg
1375,bowling
1376,thought-provoking
1377,space action
1378,Lou Gehrig
1379,Rosebud
1380,morality
1381,McDonalds
1382,president
1383,confrontational
1384,Russia
1385,philosophy
1386,baseball
1387,factory
1388,ensemble cast
1389,beautifully filmed
1390,Steven Spielberg
1391,tear jerker
1392,Jason Biggs
1393,World War II
1394,bible
1395,abortion
1396,stupid ending
1397,mafia
1398,purposefulness
1399,rasicm
1400,photographer
1401,video
1402,bluegrass
1403,crappy sequel
1404,symbolic
1405,Inigo Montoya
1406,spaghetti western
1407,Loretta Lynn
1408,Bill Murray
1409,r:strong language
1410,macho
1411,wizards
1412,busniess
1413,superman
1414,boksdrama
1415,big budget
1416,marriage
1417,fatherhood
1418,happpiness
1419,Tom Hanks
1420,small time criminals
1421,Thrilling
1422,Strangers on a Train
1423,Police
1424,Robert De Niro
1425,Amtrak
1426,sexy
1427,future
1428,humorous
1429,boxing
1430,John Malkovich
1431,mining
1432,creative
1433,workplace
1434,tension building
1435,Mark Ruffalo
1436,Moving
1437,Rogers and Hammerstein
1438,Eva Green
1439,men in drag
1440,ryan reynolds
1441,matchmaker
1442,e-mail
1443,serial killer
1444,gold
1445,chess
1446,tragedy
1447,magic
1448,zombies
1449,James Franco
1450,retro
1451,reality TV
1452,Romans
1453,Ed Harris
1454,twisted
1455,heist
1456,court
1457,Monty Python
1458,Capone
1459,the Force
1460,Tolstoy
1461,Stephen Crane
1462,r:disturbing violent content including rape
1463,vampires
1464,Francis Ford Coppola
1465,Jim Carrey
1466,mobster
1467,prejudice
1468,gritty
1469,alcoholism
1470,Thanos
1471,creativity
1472,theater
1473,gangsters
1474,goretastic
1475,crucifixion
1476,motherfucker
1477,classic movie
1478,Halle Berry
1479,Mental Hospital
1480,coulda been a contender
1481,intelligent sci-fi
1482,space station
1483,relaxing
1484,Bittersweet
1485,unsettling
1486,film-noir
1487,daniel craig
1488,espionage
1489,romantic
1490,conspiracy theory
1491,Jean Reno
1492,Captain Kirk
1493,Gary Oldman
1494,beautiful
1495,Clousseau
1496,Kurt Russell
1497,robots
1498,comic book
1499,r:violence
1500,royalty
1501,M. Night Shyamalan
1502,Aardman
1503,modern fantasy
1504,beautiful visuals
1505,Natalie Portman
1506,Batman
1507,Toto
1508,humane
1509,Rob Zombie
1510,tolkien
1511,Einstein
1512,doctors
1513,Ben Affleck
1514,adult humor
1515,Emma
1516,big corporations
1517,TOGA
1518,Coen Brothers
1519,Katzanzakis
1520,moldy
1521,Ghosts
1522,unnecessary sequel
1523,mountain climbing
1524,cynical
1525,casino
1526,falling
1527,bad acting
1528,E. M. Forster
1529,quotable
1530,union
1531,Recap
1532,Rachel McAdams
1533,Johnny Cash
1534,imagination
1535,genius
1536,Something for everyone in this one... saw it without and plan on seeing it with kids!
1537,asylum
1538,robbery
1539,Hammett
1540,meaningless violence
1541,stage
1542,sci-fi
1543,submarine
1544,Dickens
1545,poorly paced
1546,DC Comics
1547,italy
1548,nonlinear narrative
1549,jackie chan
1550,random
1551,stylish
1552,aardman
1553,first was much better
1554,pop culture references
1555,Politics
1556,New York
1557,love
1558,Amy Adams
1559,prom
1560,Will Ferrell
1561,R language
1562,Moses
1563,golf
1564,small towns
1565,tragic
1566,terrorism
1567,Hayao Miyazaki
1568,unexplained
1569,camels
1570,Morrow
1571,hotel
1572,dark humor
1573,1990s
1574,conspiracy
1575,killer-as-protagonist
1576,Nathan Fillion
1577,space travel
1578,self discovery
