60756,funny
60756,Highly quotable
60756,will ferrell
89774,Boxing story
89774,MMA
89774,Tom Hardy
106782,drugs
106782,Leonardo DiCaprio
106782,Martin Scorsese
48516,way too long
431,Al Pacino
431,gangster
431,mafia
1221,Al Pacino
1221,Mafia
5995,holocaust
5995,true story
44665,twist ending
52604,Anthony Hopkins
52604,courtroom drama
52604,twist ending
88094,britpop
88094,indie record label
88094,music
144210,dumpster diving
144210,Sustainability
1569,romantic comedy
1569,wedding
118985,painter
119141,bloody
109487,black hole
109487,sci-fi
109487,time-travel
2,fantasy
2,magic board game
2,Robin Williams
110,beautiful scenery
110,epic
110,historical
110,inspirational
110,Medieval
110,mel gibson
110,Oscar (Best Cinematography)
110,revenge
110,sword fight
410,black comedy
410,Christina Ricci
410,Christopher Lloyd
410,dark comedy
410,family
410,gothic
2023,Al Pacino
2023,Andy Garcia
2023,Classic
2023,Francis Ford Coppola
2023,mafia
2124,black comedy
2124,Christina Ricci
2124,Christopher Lloyd
2124,Family
2124,gothic
2124,quirky
2953,family
2953,funny
2953,Macaulay Culkin
2953,sequel
3114,animation
3114,Disney
3114,funny
3114,original
3114,Pixar
3114,sequel
3114,Tom Hanks
3578,ancient Rome
3578,Epic
3578,history
3578,imdb top 250
3578,revenge
3578,Rome
3578,Russell Crowe
4223,Ed Harris
4223,Jude Law
4223,Rachel Weisz
4223,sniper
4223,World War II
5388,Al Pacino
5388,atmospheric
5388,Hilary Swank
5388,Robin Williams
6058,sequel
6058,violent
6534,dogs
6534,Eric Bana
6534,mad scientist
6534,marvel
6541,captain nemo
6541,comic book
6541,gothic
6541,Peta Wilson
6541,Sean Connery
6541,superhero
6564,adventure
6564,Angelina Jolie
6564,heroine in tight suit
7153,Adventure
7153,ensemble cast
7153,fantasy
7153,fantasy world
7153,great soundtrack
7153,lord of the rings
7153,scenic
7153,stylized
7153,Tolkien
8641,hilarious
8641,Steve Carell
8641,Will Ferrell
27660,animation
27660,anime
27660,cyberpunk
27660,dark
27660,Matrix
27660,sci-fi
27706,dark comedy
27706,Jim Carrey
27706,meryl streep
27706,quirky
27706,stylized
27808,Adam Sandler
27808,family
27808,sweet
27831,British gangster
27831,confusing
27831,daniel craig
27831,Exquisite plotting.
27831,organized crime
27831,stylish
27831,Tom Hardy
31658,anime
31658,fantasy world
31658,Hayao Miyazaki
31658,Studio Ghibli
33162,David Thewlis
33162,Eva Green
33162,Liam Neeson
33162,Orlando Bloom
34150,Chris Evans
34150,comic book
34150,heroine in tight suit
34150,Jessica Alba
34150,sexy female scientist
34150,superhero
37729,gothic
37729,helena bonham carter
37729,Johnny Depp
37729,Tim Burton
37729,visually appealing
38061,black comedy
38061,clever
38061,fast-paced dialogue
38061,good dialogue
38061,Robert Downey Jr.
38061,witty
45447,adventure
45447,Audrey Tautou
45447,conspiracy theory
45447,Mystery
45447,Paris
45447,Tom Hanks
45447,treasure hunt
46723,Brad Pitt
46723,cate blanchett
46723,multiple storylines
46723,social commentary
46972,Ben Stiller
46972,Robin Williams
46976,emma thompson
46976,Maggie Gyllenhaal
46976,modern fantasy
46976,romance
46976,surreal
46976,Will Ferrell
49130,Marion Cotillard
49530,Africa
49530,corruption
49530,Jennifer Connelly
49530,justice
49530,Leonardo DiCaprio
53464,bad acting
53464,bad jokes
53464,bad plot
53464,Chris Evans
53464,Jessica Alba
53464,Marvel
53464,sexy female scientist
58047,Rachel Weisz
58047,Ryan Reynolds
59501,fantasy
59501,lion
59501,narnia
59501,Tilda Swinton
60074,bad script
60074,Charlize Theron
60074,Will Smith
60126,Anne Hathaway
60126,Steve Carell
60756,comedy
61024,comedy
61024,James Franco
61024,Seth Rogen
61024,Stoner Movie
63992,audience intelligence underestimated
63992,boring
63992,chick flick
63992,overrated
63992,Teen movie
68848,Adrien Brody
68848,con artists
68848,funny
68848,interesting characters
68848,Mark Ruffalo
68848,Rachel Weisz
71535,Bill Murray
71535,dark comedy
71535,Emma Stone
71535,funny
71535,Jesse Eisenberg
71535,Woody Harrelson
87430,audience intelligence underestimated
87430,CGI
87430,cheesy
87430,comic book
87430,DC
87430,DC Comics
87430,Ryan Reynolds
87430,space
87430,superhero
88405,comedy
88405,funny
88405,happy ending
88405,HOT actress
88405,Justin Timberlake
88405,Mila Kunis
88405,New York City
88405,romance
88405,sex
96861,Istanbul
96861,Liam Neeson
96861,predictable
96861,Turkey
96861,unnecessary sequel
99114,action
99114,Christoph Waltz
99114,funny
99114,good soundtrack
99114,Great performances
99114,Humour
99114,Leonardo DiCaprio
99114,Quentin Tarantino
99114,Samuel L. Jackson
99114,Soundtrack
99114,western
103042,Amy Adams
103042,superhero
104863,daniel radcliffe
104863,zoe kazan
107348,comedy
107348,Steve Carell
107348,stupid but funny
107348,will ferrell
108190,anti-intellectual
108190,bad writing
108190,dystopia
108190,new society
108190,plot holes
108190,predictable
108190,scifi
108190,unintelligent
111743,Charlize Theron
111743,Liam Neeson
111743,Seth MacFarlane
111743,witty
114180,action
114180,dystopia
114180,plot holes
114180,post-apocalyptic
114180,survival
114180,thriller
114180,unexplained
114180,weak plot
115149,dark hero
115149,gun-fu
115149,Keanu Reeves
115149,Revenge
115149,secret society
115149,stylish
116897,black comedy
116897,dark comedy
116897,dark humor
116897,ironic
116897,multiple short stories
116897,short stories
119141,bromance
119141,comedy
119141,funny
119141,James Franco
119141,Seth Rogen
122912,comic book
122912,Dr. Strange
122912,Great villain
122912,Guardians of the Galaxy
122912,Marvel
122912,MCU
122912,Robert Downey Jr.
122912,Thanos
122912,Thor
122912,Visually stunning
128360,characters
128360,Dialogue
128360,humor
128360,Kurt Russell
128360,Quentin Tarantino
128360,Samuel L. Jackson
128360,tension building
128360,violent
128360,Western
135133,dystopia
135133,Jennifer Lawrence
135133,love story
135133,nonsense
135133,politics
135133,rebellion
135133,revolution
135518,Ben Kingsley
135518,ethics
135518,immortality
135518,ryan reynolds
135536,Bad story
135536,Bad writing
135536,Batman
135536,Ben Affleck
135536,comic book
135536,dc comics
135536,good soundtrack
135536,Harley Quinn
135536,Harley Quinn's ass
135536,Horrible directing
135536,Jared Leto
135536,Joker
135536,lack of plot
135536,Margot Robbie
135536,Poor story
135536,poorly paced
135536,superhero
135536,visually appealing
135536,Will Smith
136864,action
136864,batman
136864,ben affleck
136864,dark
136864,dc comics
136864,Gal Gadot
136864,superhero
136864,superman
136864,wonderwoman
139385,leonardo DiCarpio
139385,survival
139385,tom hardy
139385,visually appealing
158966,building a family
158966,creative
158966,freedom
158966,good writing
158966,individualism
158966,Viggo Mortensen
168248,action
168248,dark hero
168248,gun tactics
168248,hitman
168248,Keanu Reeves
168248,organized crime
168248,secret society
174053,Dystopia
174053,future
174053,interesting
174053,jon hamm
174053,thought provoking
179401,Action
179401,Comedy
179401,Dwayne Johnson
179401,funny
183611,Comedy
183611,funny
183611,Rachel McAdams
184471,adventure
184471,Alicia Vikander
184471,video game adaptation
187593,Josh Brolin
187593,Ryan Reynolds
187593,sarcasm
187595,Emilia Clarke
187595,star wars
260,classic
260,space action
260,action
260,sci-fi
260,EPIC
260,great soundtrack
296,good dialogue
296,great soundtrack
296,non-linear
4896,Everything you want is here
106489,adventure
260,classic sci-fi
260,engrossing adventure
260,Nerd
101142,animation
101142,funny
101142,stone age
115149,action
115149,killer
115149,widows/widowers
115617,animation
115617,kids
115617,robots
120635,action
120635,murder
120635,police
1726,Kevin Costner
1726,Post apocalyptic
2387,dark comedy
2387,dark humor
3052,irreverent
3052,jay and silent bob
3052,Kevin Smith
3052,satire
5088,irreverent
7022,based on a book
7022,bloody
7022,brutal
7022,controversial
7022,dystopia
7022,goretastic
7022,satire
7022,social commentary
7022,survival
7022,violence
7254,alternate reality
7254,sci-fi
7254,science fiction
7254,time travel
8957,brutal
8957,clever
8957,Disturbing
8957,great ending
8957,mindfuck
8957,surprise ending
8957,suspense
9010,cruel characters
42632,brutality
58301,dark humor
60950,threesome
62434,Seth Rogen
62434,Sexual Humor
67695,Seth Rogen
100083,embarassing scenes
100083,offensive
100083,R language
100083,sarcasm
100083,satire
156371,80's
158872,Crude humor
158872,mindfuck
158872,sarcasm
158872,satire
158872,Vulgar
3556,sofia coppola
6323,John Cusack
6367,Ewan McGregor
6367,Renee Zellweger
59103,jackie chan
59103,kung fu
52287,Something for everyone in this one... saw it without and plan on seeing it with kids!
293,assassin
293,Jean Reno
54286,assassin
54286,assassin-in-training (scene)
54286,espionage
54286,Robert Ludlum
104,test tag
115617,feel-good
115617,fun family movie
115617,very funny
2579,black and white
2579,Christopher Nolan
2579,directorial debut
2579,mindfuck
2579,not linear
2579,Twist Ending
3793,action
3793,comic book
3793,hugh jackman
3793,marvel
3793,superhero
4226,dark
4226,Mindfuck
4226,nonlinear
4226,psychology
4226,twist ending
4896,alan rickman
4896,harry potter
4896,humorous
4896,Magic
5388,insomnia
5388,thought-provoking
6283,amazing artwork
6283,anime
6283,sci-fi
27156,anime
27156,end of the world
27156,epic
27156,mecha
27156,psychology
193565,anime
193565,comedy
193565,gintama
193565,remaster
260,space epic
4878,atmospheric
4878,cult film
4878,dreamlike
4878,hallucinatory
4878,psychological
4878,surreal
4878,time travel
7147,dreamlike
7147,sentimental
7147,surreal
7147,Tim Burton
7361,alternate reality
7361,memory
7361,thought-provoking
97938,cinematography
97938,India
97938,surreal
260,oldie but goodie
260,Star Wars
6938,big wave
6938,surfing
48780,ummarti2006
126548,funny
126548,high school
68319,comic book
7020,Notable Nudity
3,moldy
3,old
527,moving
1101,predictable
50872,a clever chef rat
50872,inspirational
102007,animation
118696,hope
6711,atmospheric
4034,drugs
4995,mathematics
6502,zombies
6953,DEPRESSING
8641,stupid
34405,predictable
55721,Favelas
83134,black comedy
778,based on a book
778,dark comedy
778,narrated
4612,reciprocal spectator
4708,reciprocal spectator
6400,documentary
30892,Animation
30892,Documentary
30892,Henry Darger
48698,the catholic church is the most corrupt organization in history
64034,childish naivity
64034,friendship
68954,adventure
68954,Bechdel Test:Fail
68954,cartoon
68954,children
68954,computer animation
68954,divorce
68954,dogs
68954,dreams
68954,Pixar
71494,Narrative pisstake
81158,american idolatry
82459,atmospheric
82459,Coen Brothers
82459,Jeff Bridges
82459,Matt Damon
82459,predictable
90769,celebrity fetishism
90769,mediacentralism
90769,system holism
96084,city politics
96084,italy
96084,political right versus left
111364,Creature Feature
118784,documentary
118784,music industry
118784,remix culture
127172,film history
127172,poetic
127172,representation of children
364,Disney
364,Disney animated feature
364,Oscar (Best Music - Original Score)
1288,music
1923,Ben Stiller
2616,comic book
3481,music
3897,music
8641,awesome
51255,british comedy
1,pixar
153,superhero
552,knights
1246,highschool
32587,cult
33660,boksdrama
34162,stiller
36529,wapendrama
37729,animation
38798,sisters
260,ROBOTS AND ANDROIDS
260,space
2146,post-college
37384,restaurant
40955,transvestite
44889,satire
61323,dark comedy
39,chick flick
39,funny
39,Paul Rudd
39,quotable
39,seen more than once
1059,Amazing Cinematography
1059,Leonardo DiCaprio
1059,shakespeare
1059,updated classics
2762,Atmospheric
2762,Bruce Willis
2762,ghosts
2762,imdb top 250
2762,mindfuck
2762,stylized
2762,twist ending
4370,android(s)/cyborg(s)
4370,artificial intelligence
4370,Bittersweet
4370,Steven Spielberg
5464,cinematography
5464,Tom Hanks
7078,Bette Davis
7078,Oscar (Best Actress)
7444,Mark Ruffalo
7451,clever
7451,High School
7451,lesbian subtext
48516,Leonardo DiCaprio
48516,suspense
48516,twist ending
48516,undercover cop
54997,Christian Bale
55290,Casey Affleck
55290,great performances
55290,twist
91500,ending
91529,Anne Hathaway
91529,Christian Bale
91529,Christopher Nolan
91529,comic book
91529,great ending
91529,Morgan Freeman
91529,political commentary
91529,superhero
98961,Afghanistan
98961,American propaganda
98961,assassination
98961,military
98961,terrorism
32,time travel
47,mystery
47,twist ending
50,mindfuck
50,suspense
50,thriller
50,tricky
50,twist ending
147,addiction
147,heroin
147,Leonardo DiCaprio
147,Mark Wahlberg
175,controversial
175,New York City
175,Nudity (Full Frontal)
223,cynical
223,hilarious
223,independent film
223,quirky
223,witty
260,space adventure
288,brutality
288,controversial
288,dark comedy
288,psychedelic
288,satire
288,stylized
296,cult film
296,drugs
296,Quentin Tarantino
296,Tarantino
364,soundtrack
527,thought-provoking
541,sci-fi
589,apocalypse
589,Arnold Schwarzenegger
589,nuclear war
589,sci-fi
589,Suspense
589,time travel
608,based on a true story
608,dark comedy
608,KIDNAPPING
608,Steve Buscemi
628,edward norton
628,psychology
628,suspense
628,thought-provoking
628,twist ending
1089,ensemble cast
1089,nonlinear
1089,Quentin Tarantino
1089,stylized
1120,freedom of expression
1136,british comedy
1136,Monty Python
1193,emotional
1193,jack nicholson
1198,adventure
1198,archaeology
1198,indiana jones
1198,Steven Spielberg
1198,treasure hunt
1200,action
1200,aliens
1200,horror
1200,sci-fi
1200,space
1200,space craft
1200,SPACE TRAVEL
1200,suspense
1219,Alfred Hitchcock
1219,psychology
1219,suspenseful
1219,tense
1240,Action
1240,artificial intelligence
1240,robots
1240,Sci-Fi
1240,special effects
1240,tense
1240,time travel
1258,atmospheric
1258,disturbing
1258,Horror
1258,jack nicholson
1258,masterpiece
1258,psychological
1258,Stanley Kubrick
1258,suspense
1343,horror
1343,Juliette Lewis
1343,Martin Scorsese
1343,Robert De Niro
1625,mindfuck
1625,Mystery
1625,plot twist
1625,psychological
1625,suspense
1625,twist ending
1704,inspirational
1921,hallucinatory
1921,mental illness
1921,mindfuck
1921,paranoid
1923,crude humor
1923,goofy
2160,Atmospheric
2160,creepy
2160,paranoia
2160,scary
2160,suspense
2296,SNL
2329,thought-provoking
2505,Nicolas Cage
2571,martial arts
2571,sci-fi
2700,adult humor
2700,controversial
2700,crude humor
2700,free speech
2700,parody
2700,satire
2700,south park
2700,Trey Parker
2959,dark comedy
2959,psychology
2959,thought-provoking
2959,twist ending
3176,based on a book
3176,creepy
3176,disturbing
3176,Jude Law
3176,murder
3176,obsession
3176,psychology
3176,secrets
3176,serial killer
3176,suspense
3186,asylum
3186,based on a true story
3186,Brittany Murphy
3186,Mental Hospital
3186,psychology
3186,winona ryder
3499,claustrophobic
3499,horror
3499,scary
3499,stephen king
3499,suspenseful
3499,tense
3499,thriller
3527,aliens
3527,sci-fi
3527,scifi cult
3911,satire
3948,comedy
3948,Robert De Niro
4226,mystery
4226,psychological
4262,Al Pacino
4816,ben stiller
4816,comedy
4816,David Bowie
4816,goofy
4816,mindless one liners
4816,Will Ferrell
4878,jake gyllenhaal
4993,fantasy
4993,high fantasy
4993,Magic
4993,mythology
4993,tolkien
4993,wizards
5291,black and white
5291,samurai
6016,multiple storylines
6016,true story
6188,comedy
6188,Will Ferrell
6290,Rob Zombie
7361,jim carrey
8641,comedy
8950,Christian Bale
8950,creepy
8950,powerful ending
8950,psychology
8950,schizophrenia
8950,twist ending
27020,drugs
27020,lesbian
30825,Ben Stiller
30825,Robert De Niro
34323,Rob Zombie
40278,Jake Gyllenhaal
40278,Modern war
48516,atmospheric
48516,Jack Nicholson
48516,Martin Scorsese
53127,based on a play
53127,conspiracy theory
53127,creepy
53127,Insanity
53127,paranoia
53127,PTSD
66097,claymation
66097,creepy
66097,dark
66097,dark fairy tale
66097,Surreal
66097,Tim Burton
68157,black comedy
68157,Brad Pitt
68157,Christoph Waltz
68157,Quentin Tarantino
68157,satire
74458,insanity
74458,Leonardo DiCaprio
74458,Martin Scorsese
74458,plot twist
74458,psychological
74458,Psychological Thriller
74458,thought-provoking
79132,action
79132,alternate reality
79132,Leonardo DiCaprio
79132,sci-fi
79132,thought-provoking
79132,visually appealing
81562,stranded
81591,alter ego
81591,atmospheric
81591,creepy
81591,horror
81591,obsession
81591,surreal
102903,illusions
102903,overcomplicated
102903,predictable
102903,stupid ending
104879,absorbing
104879,acting
104879,atmospheric
104879,Hugh Jackman
104879,Jake Gyllenhaal
104879,morality
104879,mystery
104879,thriller
106100,Jared Leto
106100,social commentary
106100,uplifting
106489,fantasy
106489,Tolkien
106489,too long
109487,Christopher Nolan
112515,atmospheric
112515,dark
112515,Metaphorical
112515,psychological
112556,annoying
112556,Stupid ending
750,dark comedy
58559,psychology
58559,superhero
5952,Myth
98809,Action
98809,Myth
152711,Cambodia
152711,crime
152711,human rights
152711,murder
152711,procedural
2,game
5,pregnancy
5,remake
7,remake
11,politics
11,president
14,politics
14,president
16,Mafia
17,Jane Austen
21,Hollywood
22,serial killer
25,alcoholism
26,Shakespeare
28,In Netflix queue
28,Jane Austen
29,kidnapping
31,high school
31,teacher
34,Animal movie
34,pigs
36,death penalty
36,Nun
38,twins
39,Emma
39,Jane Austen
40,In Netflix queue
40,South Africa
41,Shakespeare
43,England
45,Journalism
46,wedding
47,serial killer
50,heist
52,adoption
52,prostitution
58,writing
62,music
92,Jekyll and Hyde
96,theater
101,crime
104,golf
107,muppets
110,Scotland
111,assassination
116,Holocaust
122,dating
140,journalism
150,moon
150,NASA
150,space
160,Michael Crichton
161,submarine
162,In Netflix queue
185,computers
199,Made me cry
215,generation X
216,school
222,Ireland
223,generation X
224,mental illness
224,psychology
230,Stephen King
232,In Netflix queue
235,movie business
237,basketball
237,France
237,infertility
246,basketball
247,Australia
249,Beethoven
252,Einstein
257,court
260,darth vader
260,luke skywalker
260,space opera
261,Louisa May Alcott
262,England
262,Girl Power
262,India
272,England
272,mental illness
277,Christmas
279,In Netflix queue
280,prison
282,disability
282,twins
290,In Netflix queue
293,hit men
296,hit men
300,TV
307,Death
308,marriage
316,time travel
317,Christmas
318,prison
318,Stephen King
318,wrongful imprisonment
326,In Netflix queue
329,Enterprise
337,mental illness
338,serial killer
339,coma
342,Australia
342,weddings
345,cross dressing
345,men in drag
345,remade
349,Tom Clancy
350,John Grisham
351,interracial romance
356,shrimp
356,Vietnam
357,wedding
361,gambling
363,Holocaust
363,In Netflix queue
371,journalism
377,bus
380,spies
381,alcoholism
412,Edith Wharton
421,horses
425,mental illness
425,Oscar (Best Actress)
440,President
454,John Grisham
457,based on a TV show
471,hula hoop
474,assassination
475,Ireland
477,biopic
480,Dinosaur
488,Japan
488,sexuality
497,Shakespeare
500,cross dressing
500,divorce
500,men in drag
508,AIDs
513,radio
513,show business
515,Butler
515,Housekeeper
516,military
522,Australia
522,racism
522,violence
524,football
527,Holocaust
529,chess
531,In Netflix queue
534,C.S. Lewis
535,large cast
538,race
539,Empire State Building
541,robots
543,beat poetry
551,Christmas
551,Halloween
556,politics
562,adolescence
586,christmas
587,overrated
588,Disney
589,robots
590,American Indians
590,Native Americans
592,superhero
593,Hannibal Lector
594,Disney
595,Disney
596,Disney
597,prostitution
608,Coen Brothers
616,Disney
628,priest
638,babies
647,Gulf War
648,based on a TV show
668,India
670,India
671,spoof
673,Bugs Bunny
708,Veterinarian
720,Aardman
728,In Netflix queue
733,Alcatraz
736,Disaster
745,Aardman
748,aliens
750,Atomic bomb
778,drug abuse
780,aliens
800,In Netflix queue
805,John Grisham
818,based on a TV show
830,adultery
832,kidnapping
838,Jane Austen
852,golf
858,Mafia
892,Shakespeare
898,divorce
899,movie business
900,France
902,Capote
903,falling
904,voyeurism
905,Screwball
906,Brooch
907,divorce
908,Mount Rushmore
909,adultery
910,men in drag
911,heist
912,start of a beautiful friendship
913,statue
914,George Bernard Shaw
915,rich guy - poor girl
916,Italy
916,royalty
918,1900s
919,Dorothy
919,Toto
920,Civil War
921,television
922,movies
923,Rosebud
924,Hal
924,space
926,Hollywood
927,divorce
928,Mrs. DeWinter
929,Europe
929,journalism
929,war
930,assassination
931,amnesia
934,wedding
936,Cold War
936,Russia
938,prostitution
940,swashbuckler
941,swashbuckler
943,ghosts
944,Shangri-La
945,Astaire and Rogers
947,butler
947,homeless
947,screwball
948,oil
950,Nick and Nora Charles
951,Screwball
952,race
953,Christmas
954,Politics
955,leopard
955,screwball
956,adoption
965,fugitive
968,zombies
969,missionary
970,crime
971,Tennessee Williams
973,journalism
976,Hemingway
986,Animal movie
991,Ireland
994,food
1006,death penalty
1006,John Grisham
1010,Disney
1010,race
1013,twins
1022,Disney
1025,Disney
1025,King Arthur
1028,Disney
1028,nanny
1029,Disney
1030,Disney
1032,Disney
1033,Disney
1035,Rogers and Hammerstein
1041,In Netflix queue
1042,Music
1066,Astaire and Rogers
1068,anti-Semitism
1076,governess
1079,fish
1080,Bible
1080,parody
1080,religion
1081,cross dressing
1082,politics
1084,1920s
1084,gangsters
1088,dance
1088,music
1089,heist
1089,violence
1090,Vietnam
1093,1960s
1093,Jim Morrison
1093,music
1096,Holocaust
1097,aliens
1101,Navy
1103,1950s
1103,adolescence
1104,Tennessee Williams
1124,aging
1125,Clousseau
1135,military
1136,England
1136,King Arthur
1147,boxing
1147,In Netflix queue
1148,Aardman
1171,politics
1177,Italy
1178,court
1178,military
1179,crime
1183,adultery
1185,In Netflix queue
1187,disability
1188,Australia
1188,dance
1189,In Netflix queue
1189,police
1193,mental illness
1196,I am your father
1196,space
1196,space opera
1197,Inigo Montoya
1197,six-fingered man
1198,ark of the covenant
1201,spaghetti western
1203,court
1204,Middle East
1206,brainwashing
1207,Harper Lee
1207,racism
1208,Vietnam
1209,spaghetti western
1210,darth vader
1210,luke skywalker
1210,space opera
1212,ferris wheel
1212,Venice
1212,zither
1213,Mafia
1214,aliens
1217,samurai
1219,Norman Bates
1220,Saturday Night Live
1222,Vietnam
1223,moon
1224,Shakespeare
1225,Mozart
1225,Salieri
1228,boxing
1230,New York
1231,NASA
1231,space
1233,submarine
1234,The Entertainer
1235,May-December romance
1237,chess
1237,death
1242,Civil War
1243,Shakespeare sort of
1244,black and white
1245,Mafia
1246,High School
1247,Simon and Garfunkel
1249,hit men
1250,POW
1252,incest
1253,aliens
1254,Cold
1257,skiing
1258,Stephen King
1259,Stephen King
1260,serial killer
1262,POW
1263,Vietnam
1266,revenge
1267,assassination
1267,brainwashing
1269,murder
1270,time travel
1272,World War II
1276,prison
1277,In Netflix queue
1278,spoof
1280,In Netflix queue
1281,Nazis
1282,Disney
1283,gunfight
1284,Hammett
1285,high school
1288,heavy metal
1288,mockumentary
1291,archaeology
1291,Holy Grail
1292,television
1293,India
1296,E. M. Forster
1299,Cambodia
1299,Vietnam
1301,Shakespeare sort of
1301,space
1302,baseball
1303,India
1304,crime
1307,New York
1333,birds
1343,remake
1344,lawyer
1345,high school
1345,prom
1345,Stephen King
1348,vampires
1350,demons
1353,personals ads
1354,religion
1356,Borg
1358,ex-con
1361,In Netflix queue
1363,religion
1366,Arthur Miller
1367,dogs
1367,remake
1372,Klingons
1374,Captain Kirk
1376,whales
1377,superhero
1380,high school
1381,high school
1387,Shark
1389,shark
1393,sports
1394,Coen Brothers
1396,spying
1398,Hemingway
1407,slasher
1407,spoof
1408,Hawkeye
1408,James Fennimore Cooper
1411,Shakespeare
1413,Conan
1416,Andrew Lloyd Weber
1423,In Netflix queue
1423,Vietnam
1441,mental illness
1446,In Netflix queue
1449,mockumentary
1466,Mafia
1474,jungle
1485,lawyer
1496,Tolstoy
1500,hit men
1500,reunion
1513,reunion
1537,ballroom dance
1542,In Netflix queue
1544,dinosaurs
1545,death
1569,weddings
1573,transplants
1580,aliens
1586,military
1608,president
1610,Tom Clancy
1617,Police
1635,1970s
1643,England
1643,Queen Victoria
1645,lawyers
1650,Henry James
1653,future
1663,military
1672,In Netflix queue
1674,Amish
1680,alternate universe
1682,TV
1683,Henry James
1711,Savannah
1717,sequel
1717,slasher
1717,spoof
1719,Canada
1719,death
1721,shipwreck
1732,Coen Brothers
1735,Charles Dickens
1748,amnesia
1777,1980s
1797,In Netflix queue
1810,politics
1834,twist ending
1836,No DVD at Netflix
1893,In Netflix queue
1900,In Netflix queue
1902,generation X
1909,conspiracy
1912,heist
1913,Australia
1917,space
1921,mathematics
1931,ships
1938,alcoholism
1940,anti-Semitism
1940,Judaism
1942,Huey Long
1942,In Netflix queue
1942,Robert Penn Warren
1945,boxing
1945,coulda been a contender
1947,Gangs
1950,racism
1951,Dickens
1952,prostitution
1953,drugs
1953,police
1954,boxing
1954,sports
1955,divorce
1957,Olympics
1957,sports
1959,adultery
1959,Africa
1960,China
1961,autism
1962,rasicm
1975,Jason
1976,Jason
1977,Jason
1978,Jason
1979,Jason
1983,halloween
1984,halloween
1994,ghosts
1995,ghosts
1996,ghosts
1997,demons
2006,California
2006,Mexico
2011,time travel
2019,samurai
2020,adultery
2022,Bible
2022,Katzanzakis
2028,World War II
2054,Disney
2058,police
2059,twins
2064,General Motors
2064,Michigan
2065,In Netflix queue
2066,memory
2070,music
2071,AIDs
2071,In Netflix queue
2076,sexuality
2076,suburbia
2078,Disney
2080,Disney
2085,Disney
2097,carnival
2097,Ray Bradbury
2100,mermaid
2108,weather forecaster
2114,S.E. Hinton
2115,archaeology
2116,Tolkein
2118,Stephen King
2121,Stephen King
2122,Stephen King
2139,mice
2145,1980s
2145,high school
2160,demons
2167,vampires
2171,aquarium
2171,Boston
2171,personals ads
2186,murder
2187,theater
2194,Capone
2194,gangsters
2202,survival
2203,small towns
2206,paranoia
2208,train
2243,journalism
2247,Mafia
2248,In Your Eyes
2248,Lloyd Dobbler
2249,Mafia
2268,court
2268,military
2291,freaks
2295,Screwball
2300,Broadway
2302,court
2310,adolescence
2312,death penalty
2313,freaks
2324,Holocaust
2329,racism
2334,terrorism
2335,football
2336,England
2351,In Netflix queue
2355,Pixar
2357,South America
2360,In Netflix queue
2390,In Netflix queue
2391,heist
2394,Bible
2394,Moses
2396,England
2410,boxing
2411,boxing
2412,boxing
2420,martial arts
2421,martial arts
2422,martial arts
2423,christmas
2424,e-mail
2424,remake
2431,doctors
2442,In Netflix queue
2463,kidnapping
2467,religion
2470,Australia
2471,Australia
2491,food
2494,Holocaust
2494,Hungary
2502,stapler
2502,workplace
2506,disability
2517,Stephen King
2529,twist ending
2550,ghosts
2553,evil children
2554,evil children
2565,Siam
2571,alternate universe
2572,Shakespeare sort of
2581,high school
2583,southern US
2598,golfing
2600,virtual reality
2612,motherhood
2628,prequel
2628,the Force
2640,superhero
2641,superhero
2642,superhero
2648,In Netflix queue
2660,aliens
2664,1950s
2677,In Netflix queue
2692,alternate endings
2693,Star Trek
2699,spiders
2710,claims to be true
2710,video
2712,sexuality
2716,ghosts
2717,Ghosts
2719,remake
2723,superhero
2726,heist
2728,crucifixion
2728,Rome
2728,slavery
2745,Missionary
2745,Priest
2750,nostalgia
2750,radio
2761,robots
2762,I see dead people
2787,Stephen King
2791,aviation
2791,spoof
2797,children
2801,gambling
2803,lawyers
2804,Christmas
2827,aliens
2863,Beatles
2871,river
2872,England
2872,King Arthur
2905,In Netflix queue
2915,prostitution
2918,High School
2919,Academy award (Best Supporting Actress)
2919,Indonesia
2919,journalism
2927,adultery
2935,gambling
2937,screwball
2939,In Netflix queue
2940,nightclub
2941,island
2943,Vietnam
2952,gambling
2959,violence
2966,brothers
2966,lawn mower
2967,evil children
2968,time travel
2987,live action/animation
3000,anime
3006,tobacco
3006,true story
3007,In Netflix queue
3011,dance marathon
3028,Shakespeare
3030,samurai
3039,class
3040,camp
3044,memory
3044,music
3052,religion
3060,In Netflix queue
3071,high school
3072,New York
3077,In Netflix queue
3077,Up series
3081,Ichabod Crane
3087,christmas
3087,new york
3095,depression
3095,dust bowl
3097,remade
3098,baseball
3098,sports
3101,adultery
3108,homeless
3111,racism
3115,men in drag
3125,Graham Greene
3135,fatherhood
3147,Stephen King
3152,black-and-white
3160,L.A.
3174,Andy Kaufman
3175,spoof
3176,Europe
3178,boxing
3181,Shakespeare
3192,In Netflix queue
3210,high school
3211,a dingo ate my baby
3211,Australia
3247,nuns
3250,In Netflix queue
3258,plastic surgery
3259,Ireland
3260,E.M. Forster
3263,basketball
3270,figure skating
3273,slasher
3273,spoof
3281,sexuality
3306,big top
3306,circus
3307,blind
3310,orphans
3317,writing
3330,adolescence
3330,sexuality
3338,In Netflix queue
3341,remade
3360,basketball
3384,subway
3385,Peace Corp
3386,politics
3386,president
3408,scandal
3408,true story
3420,lawyers
3421,college
3421,TOGA
3424,racism
3429,aardman
3435,Insurance
3447,Pearl S Buck
3451,Hepburn and Tracy
3451,interracial marriage
3451,prejudice
3451,racism
3456,In Netflix queue
3461,island
3462,factory
3468,pool
3469,court
3469,evolution
3469,religion
3475,class
3481,Nick Hornby
3489,Peter Pan
3498,In Netflix queue
3502,death
3504,journalism
3507,In Netflix queue
3512,transplants
3515,alternate endings
3526,families
3528,psychiatrist
3536,priest
3536,rabbi
3546,show business
3548,1920s
3549,Gambling
3552,golf
3556,1970s
3556,suicide
3559,In Netflix queue
3566,business
3566,religion
3608,Pee Wee Herman
3629,mining
3675,Christmas
3676,In Netflix queue
3683,Coen Brothers
3712,television
3723,Shakespeare
3724,Vietnam
3730,spying
3735,police
3801,court
3811,court
3816,missing children
3844,diabetes
3849,disability
3859,In Netflix queue
3859,televangelist
3877,superhero
3897,journalism
3897,Rolling Stone
3910,blindness
3910,factory
3911,Dogs
3932,invisibility
3949,drug abuse
3951,In Netflix queue
3967,ballet
3983,family
3988,Dr. Seuss
3994,superhero
3996,china
3996,martial arts
4007,business
4012,stand-up comedy
4019,writing
4024,Edith Wharton
4025,pageant
4027,bluegrass
4029,movies
4034,based on a TV show
4046,Quakers
4077,psychopaths
4105,zombies
4113,Tennessee Williams
4117,In Netflix queue
4138,demons
4160,death penalty
4164,homeless
4164,New York
4166,reality TV
4171,Eugene O'Neill
4174,In Netflix queue
4184,Christmas
4189,Bible
4189,religion
4190,preacher
4190,religion
4191,sexuality
4194,In Netflix queue
4204,virginity
4210,Hannibal Lecter
4210,serial killer
4211,von Bulow
4214,college
4218,In Netflix queue
4221,football
4226,Backwards. memory
4232,spying
4246,singletons
4259,Nabokov
4263,alcoholism
4292,Union
4296,death
4306,fairy tales
4312,In Netflix queue
4316,figure skating
4326,race
4326,rasicm
4333,Strangers on a Train
4347,Holocaust
4356,In Netflix queue
4359,adultery
4361,men in drag
4370,robots
4380,accident
4396,race
4404,In Netflix queue
4447,lawyers
4448,heist
4465,rape
4476,twins
4477,circus
4489,Africa
4489,immigrants
4495,New York
4526,aliens
4537,hippies
4545,robots
4546,kidnapping
4546,remade
4558,twins
4571,time travel
4600,doctors
4621,babies
4623,baseball
4638,dinosaurs
4639,Hollywood
4639,movie business
4641,adolescence
4677,dogs
4678,television
4688,In Netflix queue
4787,prodigies
4801,family
4808,remake
4809,Nuclear disaster
4809,union
4812,NASA
4812,space
4823,wedding
4835,Loretta Lynn
4857,Judaism
4857,Tradition!
4874,aliens
4874,psychiatrist
4881,Coen Brothers
4896,Wizards
4902,ghosts
4920,psychology
4963,heist
4969,In Netflix queue
4970,nightclub
4970,singers
4973,whimsical
4979,new york
4980,time travel
4993,Tolkein
4998,racism
5008,Agatha Christie
5008,court
5012,cross dressing
5012,Judaism
5015,race
5034,Ghost
5064,Dumas
5064,revenge
5114,movie business
5120,In Netflix queue
5135,India
5139,baseball
5213,religion
5224,In Netflix queue
5238,In Netflix queue
5266,crime
5291,In Netflix queue
5294,religion
5304,In Netflix queue
5316,World War II
5349,superhero
5353,blind
5377,Nick Hornby
5379,anti-Semitism
5379,Judaism
5398,boxing
5404,books
5445,future
5446,Australia
5450,sisterhood
5450,women
5451,disability
5451,mental illness
5470,Oscar Wilde
5475,In Netflix queue
5483,movie business
5498,In Netflix queue
5502,aliens
5505,adultery
5505,younger men
5527,AS Byatt
5527,books
5528,photography
5528,psychopaths
5548,homeless
5577,adolescence
5601,Animal movie
5603,crime
5603,heist
5618,anime
5629,Bible
5630,Hannibal Lecter
5633,bombs
5644,baseball
5644,Lou Gehrig
5669,violence in america
5673,pudding
5682,Holocaust
5685,Girl Power
5690,made me cry
5690,orphans
5721,In Netflix queue
5721,Judaism
5747,World War I
5791,art
5792,dating
5802,teenagers
5812,salute to Douglas Sirk
5816,Magic
5816,Wizards
5820,music business
5875,short films
5876,Graham Greene
5878,coma
5899,Africa
5952,Tolkein
5954,crime
5954,nightclub
5971,anime
5989,crime
5991,court
5991,jazz
5991,murder
5994,Dickens
6002,drugs
6002,planes
6002,widows/widowers
6003,television
6016,crime
6016,photography
6016,violence
6020,class
6027,In Netflix queue
6031,motherhood
6031,race
6041,In Netflix queue
6063,doll
6090,ghosts
6101,Chile
6101,politics
6101,South America
6104,spoof
6156,England
6159,adolescence
6163,obsession
6170,horses
6178,blind
6178,blindness
6178,race
6181,Civil War
6181,Stephen Crane
6183,Day and Hudson
6183,sexuality
6195,books
6195,Stones of Summer
6197,mental illness
6201,England
6216,World War II
6218,soccer
6228,In Netflix queue
6232,animal movie
6232,lions
6235,Holocaust
6235,World War II
6238,immigrants
6242,television
6244,In Netflix queue
6245,prostitution
6254,screwball
6268,adolescence
6269,Big Brothers
6273,L.A.
6281,crime
6286,amnesia
6288,gangs
6289,Titanic
6291,prostitution
6296,mockumentary
6297,children
6299,birds
6305,Ray Bradbury
6308,lawyers
6327,1970s
6327,movies
6331,spelling bee
6333,Jean Grey
6333,Magneto
6333,Rogue
6333,superhero
6333,Wolverine
6334,teachers
6337,gambling
6339,trains
6341,art
6350,anime
6367,retro
6368,movies
6373,religion
6375,In Netflix queue
6375,They Might Be Giants
6377,Disney
6377,fish
6378,heist
6380,child abuse
6385,Girl Power
6390,Ninotchka remake
6400,crime
6407,Olympics
6407,Tokyo
6422,Civil War
6440,movie business
6452,In Netflix queue
6454,Nazis
6466,In Netflix queue
6515,fugitive
6516,In Netflix queue
6535,politics
6536,swashbuckler
6539,swashbuckler
6545,Dodie Smith
6547,flood
6552,immigration
6565,horses
6579,Japan
6591,religion
6592,marriage
6603,Othello
6609,Bible
6620,cancer
6636,road trip
6639,blindness
6650,family
6650,multiple roles
6650,murder
6660,ballet
6662,Clousseau
6667,FBI
6668,In Netflix queue
6669,terminal illness
6708,con men
6708,fatherhood
6710,vertriloquism
6711,Japan
6713,In Netflix queue
6724,In Netflix queue
6732,matchmaker
6744,vampire
6753,Animal movie
6768,religion
6770,adultery
6770,terminal illness
6773,biking
6776,India
6785,Lonesome Polecat
6786,In Netflix queue
6787,journalism
6787,Watergate
6788,pregnancy
6791,Food
6807,british comedy
6810,domestic violence
6820,werewolf
6832,amnesia
6849,Christmas
6852,black and white
6852,Capote
6852,crime
6852,death penalty
6852,murder
6856,biopic
6863,school
6867,trains
6870,child abuse
6870,kidnapping
6874,martial arts
6874,revenge
6881,Thanksgiving
6890,adolescence
6890,violence in america
6909,transplants
6912,Rita Hayworth can dance!
6918,India
6932,journalism
6936,christmas
6944,remake
6944,wedding
6948,music business
6948,rap
6963,Amish
6970,Hepburn and Tracy
6979,Cold War
6981,religion
6984,Dickens
6985,saint
6993,family
7013,good and evil
7018,court
7018,Scott Turow
7023,In Netflix queue
7025,In Netflix queue
7049,Astaire and Rogers
7050,Astaire and Rogers
7053,Astaire and Rogers
7055,Astaire and Rogers
7059,horses
7061,terminal illness
7062,birds
7062,prison
7069,In Netflix queue
7069,Shakespeare
7070,cattle drive
7071,In Netflix queue
7073,Clousseau
7079,disability
7086,George Bernard Shaw
7087,E.M. Forster
7088,In Netflix queue
7090,martial arts
7091,Marx brothers
7121,Hepburn and Tracy
7132,Marx brothers
7132,opera
7139,immigrants
7141,In Netflix queue
7153,Tolkein
7156,Vietnam
7158,real estate
7160,serial killer
7162,Civil War
7190,Charlotte Bronte
7212,cross dressing
7212,men in drag
7217,amnesia
7218,In Netflix queue
7219,truckers
7234,circus
7256,mountain climbing
7285,adolescence
7301,priest
7301,religion
7318,religion
7323,Cold War
7371,Grace
7382,adolescence
7382,crime
7438,revenge
7440,Holocaust
7479,World War II
7493,multiple personalities
7572,cancer
7584,Hepburn and Tracy
7584,marriage
7614,Rogers and Hammerstein
7618,biopic
7618,In Netflix queue
7619,blindness
7619,deaf
7646,Stephen King
7649,space station
7700,In Netflix queue
7705,Hepburn and Tracy
7705,sports
7713,sexuality
7714,King Arthur
7728,adultery
7748,In Netflix queue
7766,MacBeth
7789,terrorism
7792,In Netflix queue
7831,Nick and Nora Charles
7832,Nick and Nora Charles
7833,Nick and Nora Charles
7834,Nick and Nora Charles
7835,Nick and Nora Charles
7924,In Netflix queue
7926,In Netflix queue
7932,Amtrak
7932,Homeless
7932,independent
7932,New York
7932,Sundance award winner
7932,Train
7934,psychology
7981,police
7983,show business
8011,politics
8014,In Netflix queue
8019,remade
8033,In Netflix queue
8094,In Netflix queue
8153,Van Gogh
8167,swashbuckler
8183,In Netflix queue
8188,Not available from Netflix
8190,In Netflix queue
8191,Anne Boleyn
8197,In Netflix queue
8207,assassination
8228,heist
8235,Clock
8266,Prince
8275,In Netflix queue
8337,military
8338,convent
8338,religion
8341,Dickens
8360,ogres
8366,pregnancy
8366,religion
8368,Magic
8368,Wizards
8375,politics
8376,high school
8379,In Netflix queue
8382,death
8424,divorce
8446,World War II
8463,deafness
8464,food
8464,McDonalds
8507,circus
8530,Ireland
8580,fairy tales
8580,In Netflix queue
8607,In Netflix queue
8609,In Netflix queue
8622,politics
8622,terrorism
8636,Doc Ock
8638,generation X
8645,drugs
8645,immigrants
8695,court
8714,Cole Porter
8754,Oscar (Best Actress)
8765,In Netflix queue
8784,psychology
8796,Rome
8809,Australia
8827,Stand Up
8838,In Netflix queue
8874,zombies
8875,alcoholism
8875,marriage
8879,Agatha Christie
8879,Oscar (Best Supporting Actress)
8879,train
8880,disability
8914,time travel
8920,Oscar (Best Actress)
8938,parenthood
8938,psychology
8943,stage
8949,wine
8951,abortion
8958,biopic
8961,Disney
8961,superhero
8970,Peter Pan
8979,Hearst
8983,martial arts
8998,In Netflix queue
9018,journalism
25753,gold
25825,revenge
25841,show business
25855,In Netflix queue
25865,In Netflix queue
25886,made me cry
25940,mirrors
25952,In Netflix queue
26085,Not available from Netflix
26131,In Netflix queue
26151,donkey
26242,In Netflix queue
26662,anime
26776,In Netflix queue
27731,In Netflix queue
27741,In Netflix queue
27790,religion
27790,saints
27820,Animal movie
27820,camels
27834,fatherhood
27838,revenge
27878,India
27882,surfing
30707,boxing
30749,genocide
30793,roald dahl
30812,biopic
30812,Howard Hughes
30812,movie business
30820,child abuse
30822,busniess
30850,Shakespeare
31030,motherhood
31437,orphans
31658,06 Oscar Nominated Best Movie - Animation
31658,In Netflix queue
31903,marriage
31923,In Netflix queue
32160,In Netflix queue
32371,In Netflix queue
32582,birds
32582,parrots
32584,fatherhood
33154,business
33154,money
33154,scandal
33166,racism
33493,space
33493,space opera
33660,boxing
34271,hip hop
34359,pregnancy
34405,Firefly
34437,In Netflix queue
34482,In Netflix queue
34528,pregnancy
34542,Animal movie
34542,bears
35015,Animal movie
35015,In Netflix queue
36517,Africa
36517,business
36517,politics
36527,mathematics
36535,In Netflix queue
37240,In Netflix queue
37729,06 Oscar Nominated Best Movie - Animation
37733,In Netflix queue
37736,Dickens
37741,Truman Capote
38038,06 Oscar Nominated Best Movie - Animation
38038,Aardman
38061,In Netflix queue
38886,divorce
39234,courtroom drama
39234,In Netflix queue
39292,In Netflix queue
39292,journalism
39292,McCarthy hearings
39292,Morrow
40583,In Netflix queue
40629,In Netflix queue
40815,Magic
40815,Wizards
40819,Johnny Cash
41566,C.S. Lewis
41997,In Netflix queue
42002,In Netflix queue
42740,In Netflix queue
32,Brad Pitt
32,Bruce Willis
32,mindfuck
32,Post apocalyptic
32,post-apocalyptic
32,remake
32,twist ending
34,villain nonexistent or not needed for good story
104,Adam Sandler
216,Adam Sandler
216,stop looking at me swan
318,Morgan Freeman
541,androids
541,artificial intelligence
541,atmospheric
541,cyberpunk
541,future
541,mindfuck
541,Philip K. Dick
589,Scifi masterpiece
593,disturbing
593,drama
593,gothic
593,psychology
593,suspense
733,Michael Bay
733,terrorism
750,black comedy
750,satire
832,GIVE ME BACK MY SON!
832,It was melodramatic and kind of dumb
832,Mel Gibson
903,Alfred Hitchcock
903,Atmospheric
903,imdb top 250
903,James Stewart
904,imdb top 250
904,James Stewart
904,mystery
904,photographer
904,photography
908,Alfred Hitchcock
908,imdb top 250
922,eerie
922,movie business
1089,humorous
1089,neo-noir
1089,religion
1089,Tarantino
1196,classic
1196,George Lucas
1196,Harrison Ford
1196,music
1196,original plot
1196,sci-fi
1196,sequel
1219,black and white
1219,imdb top 250
1219,remade
1222,anti-war
1274,animation
1274,anime
1274,visually stunning
2393,cameo:Whoopi Goldberg
2393,space opera
2393,Star Trek
2694,Adam Sandler
2706,best comedy
2706,Chris Klein
2706,dumb
2706,Jason Biggs
2706,not funny
2706,pizza beer
2706,Seann William Scott
2706,teen
2761,animation
3000,adventure
3000,atmospheric
3000,fantasy world
3000,Studio Ghibli
3000,surreal
3527,Arnold Schwarzenegger
3527,dialogue
3527,guns
3527,Jesse Ventura
3527,macho
3994,atmospheric
3994,comics
3994,father-son relationship
3994,mindfuck
3994,unique
4454,claymation
4454,creativity
4454,dystopia
4454,free to download
4454,imagination
4454,no dialogue
4454,social commentary
4725,mental hospital
4725,psychology
4725,suspense
4725,Well Done
4878,mental illness
4878,psychology
4878,social commentary
4878,teen
4878,thought-provoking
5459,crappy sequel
5459,first was much better
5459,sequel
7361,cult film
7361,imagination
7361,love
7361,surreal
7439,comic book
8783,Atmospheric
8783,good soundtrack
8783,M. Night Shyamalan
8961,animation
8961,Samuel L. Jackson
41569,big budget
42422,love
45499,Halle Berry
45499,Hugh Jackman
45730,bad
45730,disappointing
45730,faerie tale
45730,fairy tale
45730,far fetched
45730,M. Night Shyamalan
45730,Paul Giamatti
47610,costume drama
47610,Edward Norton
47610,magic
47610,Paul Giamatti
52885,dreamlike
53468,zombies
54503,friendship
54503,high school
54503,Michael Cera
54503,nerds
54503,self discovery
54503,shenanigans
54503,virginity
55167,anime
56174,alone in the world
56174,apocalypse
56174,based on a book
56174,last man on earth
56174,plot holes
56174,Post apocalyptic
56174,post-apocalyptic
56174,religion
56174,vampire
56367,Michael Cera
56367,notable soundtrack
56367,pregnancy
56367,teenage pregnancy
56367,witty
57669,black comedy
57669,Colin Farrell
57669,dark comedy
57669,drugs
57669,friendship
57669,irreverent
57669,Ralph Fiennes
57669,stylized
59141,movies about movies
60069,last man on earth
60069,love story
60069,Post apocalyptic
60069,social commentary
61323,Brad Pitt
61323,Coen Bros
61323,Coen Brothers
61323,espionage
61323,George Clooney
61323,John Malkovich
61323,satire
61323,twists & turns
61323,weird
62336,2D animation
62336,cult film
62336,stylish
62336,surreal
66934,joss whedon
66934,Nathan Fillion
66934,Neil Patrick Harris
66934,parody
67087,Andy Samberg
67087,bromance
67087,bromantic
67087,comedy
67087,Jaime Pressly
67087,Jason Segel
67087,masculinity
67087,Paul Rudd
68237,2001-like
68237,Sci-fi
68237,solitude
68319,bad plot
68319,hugh jackman
68319,Ryan Reynolds
68319,too many characters
68358,future
68358,lack of development
68358,lack of story
68358,quick cuts
68358,sci-fi
68358,Simon Pegg
68358,space
68358,space travel
68358,time travel
68791,artificial intelligence
68791,bad acting
68791,bad plot
68791,bad script
68791,Christian Bale
68791,FIGHTING THE SYSTEM
68791,franchise
68791,new composer
68791,post-apocalyptic
68791,robots
68791,sci-fi
68791,sequel
68945,Recap
69526,bad plot
69526,Michael Bay
69526,needed more autobots
69526,plot holes
69526,ridiculous
69526,Shia LaBeouf
69526,stop using useless characters for filler
69757,artistic
69757,Funny
69757,humorous
69757,inspiring
69757,intelligent
69757,quirky
69757,romance
69757,Zooey Deschanel
70286,intelligent sci-fi
72224,bad humor
72998,bad science
72998,futuristic
72998,graphic design
72998,James Cameron
72998,military
72998,poor dialogue
72998,sci-fi
72998,superficial plot
72998,unoriginal
72998,white guilt
79132,dreamlike
79132,surreal
79702,geeky
79702,Michael Cera
79702,stylized
79702,video games
82242,male nudity
82461,action choreography
82461,Horrid characterisation
82461,Poor plot development
82461,sequel
82461,soundtrack
112552,passion
112552,psychological
112552,suspense
112552,jazz
112552,music
112552,tense
80834,adventure
80834,animation
80834,fantasy
750,purity of essence
750,Slim Pickens
6787,Deep Throat
3039,Dan Aykroyd
60516,enjoyable
356,bubba gump shrimp
356,lieutenant dan
356,stupid is as stupid does
527,based on a true story
527,biography
527,disturbing
1721,romance
2329,edward norton
2329,emotional
2329,politics
2571,philosophy
2571,post apocalyptic
3949,depressing
3949,psychology
5989,cheating
5989,intelligent
5989,Leonardo DiCaprio
5989,lies
5989,smart
5989,Tom Hanks
5989,twists & turns
8533,memory loss
8533,romance
8533,sad
55765,corruption
55765,Denzel Washington
55765,mafia
55765,organized crime
58295,heist
58295,robbery
58295,small time criminals
69122,casino
69122,comedy
69122,funny
69122,hotel
69122,Las Vegas
69481,war
72998,beautiful scenery
72998,music
72998,politics
72998,romance
72998,thought-provoking
72998,too long
72998,visually stunning
79132,big budget
79132,clever
79132,complicated
79132,dead wife
79132,great soundtrack
79132,heist
79132,intellectual
79132,mindfuck
79132,philosophy
79132,psychological
79132,psychology
79132,suspense
80489,crime
80489,FBI
80489,romance
80489,too much love interest
80906,business
80906,corruption
80906,economics
80906,investor corruption
80906,politics
80906,truth
89745,Captain America
89745,silly
89745,superhero
89745,superhero team
90439,bank
90439,big corporations
90439,business
90439,corruption
90439,financial crisis
90439,Kevin Spacey
90439,realistic
90439,suspense
90439,Wall Street
92259,emotional
92259,sexuality
95067,interesting scenario
95441,crude humor
97304,cia
97304,politics
97304,Thrilling
104218,Adam Sandler
104841,cliche characters
104841,long shots
104841,predictable
104841,Simple
104841,slow action
104841,visually appealing
105504,hostage
105504,ocean
105504,suspense
106782,Stock Market
106782,Wall Street
85565,Comedy
1,fun
101,off-beat comedy
101,quirky
308,cynical
356,bittersweet
356,emotional
356,heartwarming
356,touching
541,dreamlike
541,existentialism
541,philosophical
750,Quirky
1203,claustrophobic
1203,confrontational
1203,earnest
1203,good dialogue
1203,great screenplay
1203,gritty
1203,Motivational
1203,thought-provoking
1237,atmospheric
1237,cerebral
1237,existentialism
1237,philosophical
1237,reflective
1260,atmospheric
1260,chilly
1260,creepy
1260,menacing
1260,mental illness
1260,oninous
1653,intelligent
1653,thought-provoking
1704,heartwarming
1916,avant-garde romantic comedy
1916,elegiac
1916,melancholy
1916,quirky
1916,wry
1921,artsy
1921,atmospheric
1921,cerebral
1921,enigmatic
1921,existentialism
1921,insanity
1921,paranoia
1921,surreal
1921,tense
1921,visually appealing
2138,atmospheric
2138,beautiful
2324,bittersweet
2324,emotional
2324,Heartwarming
2324,poignant
2324,sentimental
2324,tear jerker
2324,tearjerking
2731,emotional
2731,gentle
2731,heartwarming
2731,lyrical
2731,reflective
3134,downbeat
3134,poignant
3266,black comedy
3266,crazy
3266,dark
3266,dark comedy
3266,dark humor
3266,serial killer
3424,great cinematography
3671,dark humor
3671,easygoing
3671,silly
3676,art house
3676,Atmospheric
3676,creepy
3676,cryptic
3676,dark
3676,disturbing
3676,dreamlike
3676,enigmatic
3676,fucked up
3676,gruesome
3676,hallucinatory
3676,Insane
3676,paranoid
3676,strange
3676,surreal
3676,weird
3994,somber
4144,atmospheric
4144,Beautiful
4144,bittersweet
4144,dreamy
4144,elegant
4144,heartbreaking
4144,intimate
4144,loneliness
4144,long takes
4144,longing
4144,melancholic
4144,melancholy
4144,moody
4144,nocturnal
4144,romantic
4144,Unique
4144,visually appealing
4144,visually stunning
4226,cerebral
4226,dreamlike
4552,"""artsy"""
4552,atmospheric
4552,gritty
4552,hallucinatory
4552,surreal
4552,visually stunning
4878,cerebral
4878,enigmatic
4878,mindfuck
4878,philosophy
4878,quirky
4878,weird
5673,anger
5673,awkward
5673,bittersweet
5673,hallucinatory
5673,quirky
5673,sad
5673,surreal
5673,symbolism
5673,tense
5673,unconventional
5673,unique
5673,wistful
5690,beautiful
5690,downbeat
5690,grim
5690,poignant
5690,tear jerker
5690,tragedy
5690,tragic
6214,dark
6214,disturbing
6291,Depressing
6291,melancholy
6291,sad
6377,heartwarming
6669,meditative
6669,philosophical
6669,poignant
6669,purposefulness
6818,atmospheric
6818,bleak
6818,disturbing
6818,gritty
6818,harsh
7024,bleak
7024,confrontational
7024,disturbing
7024,harsh
7024,haunting
7024,inhumane
7024,thought-provoking
7361,arthouse
7361,artistic
7361,atmospheric
7361,beautiful
7361,bittersweet
7361,colourful
7361,comedy
7361,dreamlike
7361,emotional
7361,feel-good
7361,happpiness
7361,humane
7361,insightful
7361,intelligent
7361,lovely
7361,melancholy
7361,mind-bending
7361,philosophy
7361,quirky
7361,quirky romantic
7361,romantic
7361,surrealism
8335,heartbreaking
8477,post-apocalyptic
25771,mindfuck
25771,surreal
25771,surrealism
26717,boring
26717,psychedelic
26717,symbolic
27773,bizarre
27773,claustrophobic
27773,depressing
27773,disturbing
27773,hallucinatory
27773,paranoid
27773,surreal
27773,twisted
30810,heartwarming
30810,off-beat comedy
30810,quirky
30810,trippy
30810,visually appealing
30810,whimsical
40491,depression
45880,cinematography
45880,lyrical
48394,atmospheric
48394,bittersweet
48394,visually appealing
48780,atmospheric
48780,enigmatic
50872,clever
56782,atmospheric
56782,cerebral
56782,character study
56782,gritty
56782,intense
56782,long shots
56782,morality
56782,visually appealing
57502,abstract
57502,dark
57502,psychedelic
57502,surreal
58301,dark
58301,intelligent
58301,thought-provoking
58559,dark
58559,gritty
63062,emotional
68954,bittersweet
68954,emotional
68954,heartbreaking
68954,touching
71899,bittersweet
71899,black comedy
71899,character study
71899,dark comedy
71899,friendship
71899,loneliness
71899,mental illness
71899,philosophical
71899,poignant
71899,quirky
71899,sad
71899,sweet
71899,touching
74791,surreal
74791,whimsical
79132,cerebral
80463,good dialogue
80463,loneliness
80463,witty
89745,fun
89745,great humor
89745,visually appealing
94959,quirky
95558,Beautiful
95558,emotional
95558,poetic
96079,beautiful cinematography
96079,beautifully filmed
96079,cinematography
99764,moving
99764,philosopical
99764,surreal
99764,weird
99917,artistic
99917,artsy
99917,atmospheric
99917,Beautiful
99917,dreamlike
99917,existentialism
104875,quirky
104944,emotional
104944,feel-good
104944,heartwarming
104944,mental illness
104944,touching
105504,tense
106766,atmospheric
106766,cinematography
106766,depressing
106766,funny
107406,fatalistic
108932,cheeky
108932,clever
108932,colorful
108932,feel-good
108932,fun
108932,imaginative
108932,quirky
109487,bad dialogue
109487,philosophical issues
109487,thought-provoking
109487,visually appealing
112421,adorable
112421,black comedy
112421,Eccentric
112421,introspection
112421,mental illness
112421,quirky
112552,inspirational
112552,inspiring
112552,intense
112852,funny
112852,Great Visuals
112852,humorous
112852,unlikely hero
113705,bittersweet
114627,atmospheric
114627,bizzare
114627,eerie
114627,symbolism
116797,inspirational
116797,intelligent
117877,philosophical
117877,trippy
117887,heartwarming
119145,slick
122882,beautiful
122882,cinematography
122882,visually appealing
122912,Dark
122912,emotional
122912,Sad
122912,Visually appealing
122916,awesome
122916,humor
122916,quirky
122916,unconventional
122916,white guilt
122918,fun
122922,visually appealing
127298,depressing
127298,understated
134130,smart
134170,funny
134170,ridiculous
134170,silly
138036,slick
138036,stylish
139385,cinematography
139385,Visually Striking
139644,atmospheric
139644,tension
140174,moving
140174,touching
141890,Moving
143367,contemplative
143367,philosophical
143367,thought-provoking
143367,tragic
148626,funny
148626,interesting
148626,Witty
148881,Existential
148881,surreal
152077,creepy
152077,suspense
153070,nightmare
155288,suspense
155288,thought-provoking
156605,quirky
156605,sweet
156605,understated
161634,intense
164179,beautiful visuals
164179,Cerebral
164179,cinematography
164179,good cinematography
164179,smart
164179,thought-provoking
164179,visually appealing
164909,Bittersweet
164909,visually appealing
167746,funny
167746,heartwarming
168252,dark
168252,emotional
168252,gritty
168252,heartbreaking
168252,predictible plot
170945,paranoia
170945,Suspenseful
174055,brilliant
174055,inspiring
174055,tense
176371,atmospheric
176371,beautiful
176371,cinematography
176371,dark
176371,dreamlike
176371,existentialism
176371,moody
176371,philosophical
176419,allegorical
176419,uncomfortable
176419,unsettling
180031,atmospheric
180031,dreamlike
180985,bad music
248,bad
248,Sinbad
413,Comedy
540,bad
707,bad
836,seen at the cinema
1441,Not Seen
1779,good
1801,seen more than once
2116,classic
2431,bad
2662,classic
2951,bad
4015,bad
4343,really bad
4343,Seann William Scott
4446,sci-fi
4448,boring
5064,remake
5254,Great movie
5254,Wesley Snipes
6016,not seen
6157,bad
6157,Ben Affleck
6373,classic
35836,BEST PICTURE
35836,classic
35836,hilarious
35836,steve carell
52712,HORRIBLE ACTING
52712,interesting
293,Action
293,assassination
293,assassins
293,awkward romance
293,corruption
293,crime
293,disturbing
293,drama
293,French
293,friendship
293,Gary Oldman
293,great acting
293,Guns
293,hitman
293,humorous
293,imdb top 250
293,Lolita theme
293,loneliness
293,love story
293,Luc Besson
293,Natalie Portman
293,organized crime
293,police
293,police corruption
293,quirky
293,sniper
293,tense
293,touching
293,unique
296,1990s
296,achronological
296,action
296,action packed
296,aggressive
296,amazing
296,amazing dialogues
296,anthology
296,assassin
296,atmospheric
296,AWESOME
296,bad ass
296,bad language
296,bad-ass
296,bible
296,biblical references
296,big boys with guns
296,big name actors
296,Black comedy
296,black humor
296,black humour
296,blood
296,blood splatters
296,bloody
296,bruce willis
296,brutality
296,casual violence
296,character development
296,characters
296,classic
296,classic movie
296,coke
296,comedy
296,conversation
296,cool
296,cool style
296,crime
296,crime scene scrubbing
296,cult
296,cult classic
296,dance
296,dancing
296,dark
296,dark comedy
296,dark humor
296,dialogue
296,different
296,diner
296,disjointed timeline
296,disturbing
296,drama
296,drug overdose
296,drugs & music
296,ensemble cast
296,entertaining
296,entirely dialogue
296,episodic
296,exciting
296,fast paced
296,fast-paced
296,film noir
296,film-noir
296,foul language
296,fun
296,funny
296,gangster
296,gangsters
296,genius
296,golden watch
296,good music
296,gore
296,great acting
296,great dialogue
296,gritty
296,guns
296,Harvey Keitel
296,heroin
296,Highly quotable
296,hitman
296,homosexuality
296,humour
296,iconic
296,imdb top 250
296,innovative
296,intellectual
296,intelligent
296,intense
296,interesting
296,intertwining storylines
296,interwoven storylines
296,ironic
296,irony
296,John Travolta
296,killer-as-protagonist
296,los angeles
296,Mafia
296,masterpiece
296,meaningless violence
296,milkshake
296,mobster
296,mobsters
296,monologue
296,motherfucker
296,multiple stories
296,multiple storylines
296,neo-noir
296,noir
296,non-linear timeline
296,nonlinear
296,nonlinear narrative
296,nonlinear storyline
296,nonlinear timeline
296,notable soundtrack
296,offensive
296,organised crime
296,organized crime
296,original
296,original plot
296,out of order
296,Palme d'Or
296,parody
296,philosophical
296,pop culture references
296,psychological
296,pulp
296,quirky
296,Quotable
296,r:disturbing violent content including rape
296,r:disturbing violent images
296,r:graphic sexuality
296,r:some violence
296,r:strong bloody violence
296,r:strong language
296,r:sustained strong stylized violence
296,r:violence
296,random
296,rape
296,retro
296,Roger Avary
296,royal with cheese
296,Samuel L. Jackson
296,sarcasm
296,satire
296,sexy
296,smart writing
296,sophisticated
296,soundtrack
296,splatter
296,Steve Buscemi
296,storytelling
296,stylish
296,stylized
296,suspense
296,thought-provoking
296,thriller
296,travolta
296,twist ending
296,Uma Thurman
296,unique
296,unpredictable
296,unusual
296,very funny
296,violence
296,violent
296,witty
924,aliens
924,apes
924,Arthur C. Clarke
924,artificial intelligence
924,atmospheric
924,cinematography
924,classic
924,computer
924,confusing ending
924,cult film
924,Dull
924,future
924,futuristic
924,imdb top 250
924,masterpiece
924,meditative
924,music
924,mystery
924,Oscar (Best Effects - Visual Effects)
924,overrated
924,philosophical
924,relaxing
924,revolutionary
924,robots
924,sci-fi
924,setting:space/space ship
924,slow
924,slow paced
924,soundtrack
924,space travel
924,spacecraft
924,Stanley Kubrick
924,superb soundtrack
924,surreal
924,technology
924,tedious
924,visual
924,visually appealing
1732,black comedy
1732,bowling
1732,classic
1732,comedy
1732,crime
1732,Cult classic
1732,cult film
1732,dark comedy
1732,deadpan
1732,drugs
1732,funny
1732,great dialogue
1732,great soundtrack
1732,Highly quotable
1732,imdb top 250
1732,Jeff Bridges
1732,John Goodman
1732,Julianne Moore
1732,kidnapping
1732,marijuana
1732,Nudity (Full Frontal)
1732,off-beat comedy
1732,Philip Seymour Hoffman
1732,quirky
1732,ransom
1732,rug
1732,sarcasm
1732,satirical
1732,Steve Buscemi
1732,violence
2959,action
2959,atmospheric
2959,based on a book
2959,Brad Pitt
2959,challenging
2959,Chuck Palahniuk
2959,classic
2959,clever
2959,complicated
2959,consumerism
2959,crime
2959,dark
2959,David Fincher
2959,disturbing
2959,double life
2959,Edward Norton
2959,fighting
2959,great acting
2959,helena bonham carter
2959,imaginary friend
2959,imdb top 250
2959,mental illness
2959,mind-blowing
2959,mindfuck
2959,narrated
2959,Nudity (Topless)
2959,Palahnuik
2959,philosophical
2959,philosophy
2959,postmodern
2959,powerful ending
2959,psychological
2959,psychological thriller
2959,quirky
2959,satirical
2959,schizophrenia
2959,social commentary
2959,societal criticism
2959,stylized
2959,surreal
2959,TERRORISM
2959,twist
2959,violent
273,gothic
1357,music
1948,British
3578,Romans
5694,70mm
6107,World War II
7382,for katie
7936,austere
3265,gun fu
3265,heroic bloodshed
168248,Heroic Bloodshed
